2025-09-16_19-39-12,None,draft.py:2025-09-16_19-39-12
2025-09-16_19-39-13,None,draft.py:2025-09-16_19-39-12
2025-09-16_19-42-27,None,draft.py:2025-09-16_19-39-12
2025-09-16_20-03-10,None,draft.py:2025-09-16_20-03-10
2025-09-16_20-08-07,None,draft.py:2025-09-16_20-08-07
2025-09-16_20-08-42,None,draft.py:2025-09-16_20-08-42
2025-09-16_20-16-55,None,draft.py:2025-09-16_20-16-55
2025-09-16_20-17-14,None,draft.py:2025-09-16_20-17-14
2025-09-16_20-22-38,None,draft.py:2025-09-16_20-22-38
2025-09-16_20-23-01,None,draft.py:2025-09-16_20-23-01
2025-09-16_20-23-58,None,draft.py:2025-09-16_20-23-58
2025-09-18_13-05-02,None,draft.py:2025-09-16_20-23-58
2025-09-22_15-24-47,None,draft.py:2025-09-22_15-24-47
2025-09-22_15-39-08,None,draft.py:2025-09-22_15-39-08
2025-09-22_15-41-58,None,draft.py:2025-09-22_15-41-58
2025-09-22_15-44-38,None,draft.py:2025-09-22_15-44-38
2025-09-22_15-52-09,None,draft.py:2025-09-22_15-52-09
2025-09-22_15-53-17,None,draft.py:2025-09-22_15-53-17
2025-09-22_15-53-26,None,draft.py:2025-09-22_15-53-26
2025-09-22_15-53-50,None,draft.py:2025-09-22_15-53-50
2025-09-22_15-54-48,None,draft.py:2025-09-22_15-54-48
2025-09-22_15-56-07,None,draft.py:2025-09-22_15-56-07
2025-09-22_15-58-32,None,draft.py:2025-09-22_15-58-32
2025-09-22_15-58-49,None,draft.py:2025-09-22_15-58-49
2025-09-22_15-59-34,None,draft.py:2025-09-22_15-59-34
2025-09-22_15-59-53,None,draft.py:2025-09-22_15-59-53
2025-09-22_16-00-20,None,draft.py:2025-09-22_16-00-20
2025-09-22_16-00-45,None,draft.py:2025-09-22_16-00-45
2025-09-22_16-01-05,None,draft.py:2025-09-22_16-01-05
2025-09-22_16-01-21,None,draft.py:2025-09-22_16-01-21
2025-09-22_16-01-32,None,draft.py:2025-09-22_16-01-32
2025-09-22_16-01-54,None,draft.py:2025-09-22_16-01-54
2025-09-22_16-38-40,None,draft.py:2025-09-22_16-38-40
2025-09-22_16-38-46,None,draft.py:2025-09-22_16-38-40
2025-09-23_10-24-39,None,draft.py:2025-09-23_10-24-39
2025-09-23_10-24-42,None,draft.py:2025-09-23_10-24-39
2025-09-23_11-11-52,None,draft.py:2025-09-23_11-11-52
2025-09-23_11-11-54,None,draft.py:2025-09-23_11-11-52
2025-09-23_14-05-29,None,draft.py:2025-09-23_14-05-29
2025-09-23_14-05-31,None,draft.py:2025-09-23_14-05-29
