2025-09-23_16-48-21,None,draft.py:2025-09-23_16-48-21
2025-09-23_17-16-24,None,draft.py:2025-09-23_17-16-24
2025-09-23_17-17-32,None,draft.py:2025-09-23_17-17-32
2025-09-23_17-19-39,None,draft.py:2025-09-23_17-19-39
2025-09-23_17-20-08,None,draft.py:2025-09-23_17-20-08
2025-09-23_17-20-18,None,draft.py:2025-09-23_17-20-18
2025-09-23_17-20-30,None,draft.py:2025-09-23_17-20-30
2025-09-23_17-20-37,None,draft.py:2025-09-23_17-20-37
2025-09-23_17-21-25,None,draft.py:2025-09-23_17-20-37
2025-09-23_17-21-55,None,draft.py:2025-09-23_17-21-55
2025-09-23_17-22-57,None,draft.py:2025-09-23_17-22-57
2025-09-23_17-24-12,None,draft.py:2025-09-23_17-24-12
2025-09-23_17-24-28,None,draft.py:2025-09-23_17-24-28
2025-09-23_17-24-58,None,draft.py:2025-09-23_17-24-58
2025-09-23_17-25-24,None,draft.py:2025-09-23_17-25-24
2025-09-23_17-26-10,None,draft.py:2025-09-23_17-26-10
